# Cross join
query TITI rowsort
select * from simple as t1 join simple as t2
----
Alice 25 Alice 25
Alice 25 Bob 30
Bob 30 Alice 25
Bob 30 Bob 30

# Nested loop join (non-equi join condition)
query TITI rowsort
select * from simple as t1 join simple as t2 on t1.age > t2.age
----
Bob 30 Alice 25

# Hash join (equi join condition)
query TITI rowsort
select * from simple as t1 join simple as t2 on t1.name = t2.name
----
Alice 25 Alice 25
Bob 30 Bob 30
